Date,CG Scheme,SG Scheme,E Tier I,C Tier I,G Tier I,E Tier II,C Tier II,G Tier II,NPS Lite,Corporate CG,APY,A Tier I,A Tier II,NPS TTS-II
2022-07-18,36.7332,31.5264,35.7784,34.4703,31.3058,33.0799,30.9096,29.6928,29.7288,23.4265,17.8918,16.8958,0.0000,10.3873
2022-07-15,36.6366,31.4473,35.2510,34.4619,31.2790,32.5824,30.9004,29.6587,29.6477,23.3683,17.8451,16.9690,0.0000,10.3582
2022-07-14,36.6349,31.4466,35.0283,34.4852,31.3310,32.3702,30.9160,29.7040,29.6377,23.3708,17.8483,17.0590,0.0000,10.3553
2022-07-13,36.6668,31.4741,35.0549,34.4992,31.3690,32.3977,30.9292,29.7356,29.6645,23.3904,17.8602,16.9326,0.0000,10.3556
2022-07-12,36.6418,31.4495,35.2003,34.4516,31.3006,32.5337,30.8844,29.6731,29.6412,23.3707,17.8443,16.9197,0.0000,10.3520
2022-07-11,36.6640,31.4680,35.5307,34.4172,31.2677,32.8430,30.8548,29.6528,29.6651,23.3821,17.8524,16.9419,0.0000,10.3655
2022-07-08,36.6872,31.4897,35.5433,34.4025,31.3037,32.8601,30.8355,29.7053,29.6781,23.3947,17.8625,16.9411,0.0000,10.3674
2022-07-07,36.7212,31.5233,35.3381,34.4421,31.3871,32.6656,30.8754,29.7793,29.6901,23.4218,17.8824,16.9698,0.0000,10.3710
2022-07-06,36.6812,31.4898,35.0379,34.4349,31.4121,32.3793,30.8690,29.7897,29.6503,23.4006,17.8677,17.0433,0.0000,10.3540
2022-07-05,36.4995,31.3317,34.6278,34.3606,31.2560,31.9959,30.8041,29.6434,29.5196,23.2834,17.7774,16.9080,0.0000,10.3137
2022-07-04,36.4937,31.3241,34.6758,34.3235,31.2517,32.0419,30.7722,29.6464,29.5182,23.2795,17.7741,16.8591,0.0000,10.3125
2022-07-01,36.3853,31.2308,34.4400,34.2467,31.1718,31.8244,30.7021,29.5774,29.4332,23.2108,17.7225,16.8419,0.0000,10.2929
2022-06-30,36.3385,31.1906,34.4213,34.2190,31.1255,31.7988,30.6771,29.5378,29.3949,23.1817,17.6983,16.8874,0.0000,10.2770
2022-06-29,36.3136,31.1690,34.4515,34.1946,31.0817,31.8246,30.6590,29.4899,29.3774,23.1640,17.6854,16.8653,0.0000,10.2756
2022-06-28,36.3261,31.1800,34.5993,34.1867,31.0772,31.9674,30.6520,29.4865,29.3809,23.1722,17.6928,16.9042,0.0000,10.2794
2022-06-27,36.3610,31.2103,34.5704,34.1701,31.1289,31.9393,30.6421,29.5421,29.4027,23.1916,17.7066,16.9162,0.0000,10.2916
2022-06-24,36.2814,31.1444,34.2767,34.1469,31.0825,31.6653,30.6180,29.5001,29.3393,23.1442,17.6692,16.9277,0.0000,10.2687
2022-06-23,36.2430,31.1148,33.9792,34.1549,31.0907,31.3885,30.6277,29.5028,29.3051,23.1228,17.6550,16.9404,0.0000,10.2598
2022-06-22,36.2006,31.0795,33.6464,34.1449,31.1081,31.0738,30.6170,29.5216,29.2641,23.0971,17.6365,16.9785,0.0000,10.2463
2022-06-21,36.1703,31.0537,34.0938,34.1087,30.9857,31.4865,30.5837,29.4051,29.2513,23.0751,17.6216,16.9717,0.0000,10.2496
2022-06-20,36.0851,30.9830,33.4808,34.0926,31.0049,30.9183,30.5683,29.4188,29.1792,23.0233,17.5825,16.8789,0.0000,10.2281
2022-06-17,35.9125,30.8341,33.4071,34.0174,30.8054,30.8418,30.5003,29.2274,29.0455,22.9150,17.5041,16.8933,0.0000,10.1875
2022-06-16,35.9168,30.8369,33.5925,33.9988,30.7675,31.0131,30.4831,29.1914,29.0524,22.9159,17.5032,17.0522,0.0000,10.1899
2022-06-15,36.0013,30.9078,34.2816,33.9915,30.7594,31.6561,30.4769,29.1779,29.1227,22.9677,17.5430,17.0050,0.0000,10.2154
2022-06-14,36.0023,30.9064,34.3007,34.0052,30.7567,31.6746,30.4912,29.1745,29.1215,22.9681,17.5440,17.1012,0.0000,10.2108
2022-06-13,36.0010,30.9068,34.3511,34.0282,30.7321,31.7219,30.5134,29.1605,29.1263,22.9659,17.5436,17.1773,0.0000,10.2080
2022-06-10,36.2323,31.1014,35.2400,34.1173,30.8502,32.5540,30.5937,29.2531,29.3072,23.1102,17.6552,17.2738,0.0000,10.2593
2022-06-09,36.3010,31.1575,35.7200,34.0885,30.8693,33.0039,30.5734,29.2839,29.3648,23.1505,17.6867,17.2107,0.0000,10.2820
2022-06-08,36.2544,31.1182,35.4591,34.0800,30.8682,32.7599,30.5625,29.2757,29.3296,23.1226,17.6670,17.1642,0.0000,10.2740
2022-06-07,36.2051,31.0758,35.5996,34.0145,30.7866,32.8877,30.5003,29.1983,29.2912,23.0894,17.6390,17.0859,0.0000,10.2646
2022-06-06,36.3086,31.1629,35.9384,34.0712,30.8300,33.2012,30.5456,29.2421,29.3787,23.1528,17.6873,17.0748,0.0000,10.2922
2022-06-03,36.3796,31.2237,35.9993,34.0983,30.9058,33.2548,30.5750,29.3169,29.4311,23.1986,17.7215,17.0933,0.0000,10.3053
2022-06-02,36.4392,31.2736,36.1617,34.0983,30.9536,33.4047,30.5718,29.3521,29.4742,23.2365,17.7475,17.1380,0.0000,10.3121
2022-06-01,36.4316,31.2687,35.9662,34.1128,30.9828,33.2307,30.5770,29.3768,29.4732,23.2298,17.7469,17.1195,0.0000,10.3089
2022-05-31,36.4535,31.2888,36.1458,34.1502,30.9760,33.3935,30.6141,29.3646,29.4898,23.2439,17.7577,17.0893,0.0000,10.3127
2022-05-30,36.5277,31.3540,36.2320,34.1541,31.0425,33.4731,30.6260,29.4357,29.5467,23.2910,17.7910,17.0520,0.0000,10.3372
2022-05-27,36.4705,31.3071,35.5749,34.1630,31.0838,32.8698,30.6337,29.4858,29.4875,23.2567,17.7637,17.0061,0.0000,10.3212
2022-05-26,36.4569,31.2969,35.2106,34.1639,31.1439,32.5275,30.6313,29.5473,29.4635,23.2513,17.7585,16.9797,0.0000,10.3169
2022-05-25,36.3867,31.2356,34.8701,34.1437,31.1151,32.2084,30.6132,29.5151,29.4065,23.2059,17.7246,16.9733,0.0000,10.2987
2022-05-24,36.3775,31.2263,35.1013,34.1181,31.0666,32.4179,30.5917,29.4632,29.4185,23.1985,17.7192,16.9937,0.0000,10.2985
2022-05-23,36.3858,31.2347,35.3026,34.0950,31.0340,32.6070,30.5779,29.4342,29.4260,23.2020,17.7222,16.9632,0.0000,10.3056
2022-05-20,36.3718,31.2233,35.3317,34.0623,31.0294,32.6241,30.5416,29.4355,29.4028,23.1943,17.7162,16.9245,0.0000,10.3029
2022-05-19,36.2532,31.1254,34.4149,34.0596,31.0537,31.7701,30.5427,29.4570,29.3037,23.1233,17.6623,16.8782,0.0000,10.2739
2022-05-18,36.3689,31.2201,35.3349,34.0550,31.0364,32.6157,30.5437,29.4410,29.4079,23.1928,17.7161,16.8429,0.0000,10.2983
2022-05-17,36.3613,31.2142,35.3824,34.0403,31.0166,32.6648,30.5320,29.4211,29.3929,23.1859,17.7130,16.8765,0.0000,10.2969
2022-05-13,36.2242,31.0989,34.3663,34.0316,31.0427,31.7183,30.5148,29.4408,29.2751,23.1040,17.6463,16.8249,0.0000,10.2592
2022-05-12,36.2946,31.1586,34.4020,34.0899,31.1236,31.7545,30.5691,29.5196,29.3274,23.1484,17.6861,16.8495,0.0000,10.2812
2022-05-11,36.3463,31.2002,35.1068,34.0839,31.0516,32.4104,30.5587,29.4485,29.3771,23.1784,17.7080,16.8226,0.0000,10.2989
2022-05-10,36.2941,31.1518,35.2344,34.0498,30.9486,32.5286,30.5278,29.3457,29.3459,23.1442,17.6746,16.8176,0.0000,10.2840
2022-05-09,36.1602,31.0369,35.3643,33.9633,30.7605,32.6392,30.4519,29.1589,29.2482,23.0605,17.6111,16.8123,0.0000,10.2502
2022-05-06,36.2048,31.0740,35.6171,33.9690,30.7792,32.8711,30.4531,29.1787,29.2866,23.0883,17.6361,16.8447,0.0000,10.2616
2022-05-05,36.3463,31.1937,36.1671,34.0130,30.8694,33.3822,30.4956,29.2736,29.4053,23.1772,17.7069,16.8327,0.0000,10.2892
2022-05-04,36.3911,31.2311,36.1551,34.0574,30.9637,33.3623,30.5342,29.3522,29.4567,23.2059,17.7352,16.6428,0.0000,10.2979
2022-05-02,37.0424,31.7953,36.9708,34.6104,31.4810,34.1124,31.0220,29.8494,29.9589,23.6158,18.0409,16.8994,0.0000,10.4453
2022-04-29,37.0401,31.7950,37.0907,34.5963,31.4524,34.2260,31.0062,29.8309,29.9509,23.6138,18.0389,16.8895,0.0000,10.4455
2022-04-28,37.0826,31.8309,37.4545,34.5998,31.4438,34.5642,31.0110,29.8126,29.9876,23.6420,18.0616,16.9087,0.0000,10.4538
2022-04-27,37.0585,31.8129,37.0128,34.6095,31.5089,34.1474,31.0341,29.8686,29.9662,23.6285,18.0510,16.8889,0.0000,10.4514
2022-04-26,37.0910,31.8239,37.3610,34.5776,31.5071,34.4689,30.9749,29.8683,29.9880,23.6475,18.0705,16.9132,0.0000,10.4596
2022-04-25,36.9890,31.7678,36.8336,34.5856,31.5155,33.9826,30.9829,29.8862,29.8704,23.6052,18.0396,16.9092,0.0000,10.4422
2022-04-22,36.9521,31.7229,37.2983,34.5135,31.3436,34.4164,30.9501,29.7300,29.8916,23.5619,18.0038,16.8338,0.0000,10.4224
2022-04-21,37.0473,31.8031,37.7693,34.5036,31.3818,34.8518,30.9476,29.7720,29.9656,23.6209,18.0485,16.7902,0.0000,10.4477
2022-04-20,36.9862,31.7522,37.2631,34.4960,31.4113,34.3770,30.9466,29.8006,29.9183,23.5856,18.0222,16.7554,0.0000,10.4373
2022-04-19,36.9009,31.6793,36.9166,34.5006,31.3542,34.0531,30.9362,29.7456,29.8535,23.5344,17.9822,16.7279,0.0000,10.4192
2022-04-18,36.9080,31.6844,37.3638,34.4695,31.2846,34.4707,30.9093,29.6931,29.8658,23.5342,17.9807,16.7090,0.0000,10.4197
2022-04-13,36.9390,31.7051,37.9274,34.4277,31.2284,34.9990,30.8667,29.6301,29.8930,23.5519,17.9939,16.7139,0.0000,10.4200
2022-04-12,37.0246,31.7795,38.0272,34.5231,31.3082,35.0939,30.9550,29.7150,29.9605,23.6079,18.0404,16.7000,0.0000,10.4369
2022-04-11,37.1865,31.9208,38.3058,34.8916,31.3740,35.3566,31.2851,29.7889,30.0820,23.7146,18.1305,16.7222,0.0000,10.4495
2022-04-08,37.2771,31.9995,38.5114,34.8736,31.4670,35.5513,31.2657,29.8785,30.1532,23.7694,18.1723,16.6955,0.0000,10.4746
2022-04-07,37.4029,32.1083,38.2312,34.8681,31.7127,35.2871,31.2598,30.1249,30.2540,23.8488,18.2323,16.7091,0.0000,10.5181
2022-04-06,37.4220,32.1255,38.4902,34.8616,31.6969,35.5271,31.2540,30.1070,30.2766,23.8613,18.2425,16.7418,0.0000,10.5304
2022-04-05,37.4544,32.1514,38.7426,34.8553,31.6983,35.7684,31.2481,30.1020,30.3075,23.8817,18.2572,16.7400,0.0000,10.5344
2022-04-04,37.4539,32.1511,38.8770,34.8478,31.6780,35.9023,31.2423,30.0820,30.3066,23.8808,18.2570,16.7171,0.0000,10.5356
2022-03-31,37.3626,32.0801,37.7555,34.8743,31.7939,34.8578,31.2379,30.1752,30.2190,23.8260,18.2189,16.7003,0.0000,10.5054
2022-03-30,37.3698,32.0845,37.7977,34.8242,31.8198,34.8907,31.1889,30.1904,30.2280,23.8272,18.2212,16.6890,0.0000,10.5082
2022-03-29,37.2443,31.9782,37.3808,34.8168,31.7427,34.5024,31.1869,30.1099,30.1352,23.7508,18.1650,16.6564,0.0000,10.4789
2022-03-28,37.2297,31.9677,37.1789,34.8241,31.7374,34.3222,31.2092,30.1157,30.1244,23.7403,18.1543,16.7109,0.0000,10.4897
2022-03-25,37.1953,31.9389,37.0300,34.7854,31.7454,34.1839,31.1693,30.1305,30.0989,23.7211,18.1377,16.6227,0.0000,10.4822
2022-03-24,37.1854,31.9300,37.1694,34.7842,31.7123,34.3162,31.1686,30.0912,30.0994,23.7160,18.1327,16.6079,0.0000,10.4759
2022-03-23,37.1882,31.9295,37.2088,34.7947,31.7085,34.3573,31.1827,30.0688,30.0996,23.7167,18.1335,16.6416,0.0000,10.4736
2022-03-22,37.1922,31.9316,37.3748,34.7820,31.6842,34.5143,31.1596,30.0501,30.1015,23.7224,18.1342,16.6070,0.0000,10.4774
2022-03-21,37.1747,31.9168,37.0111,34.7626,31.7328,34.1760,31.1409,30.0985,30.0830,23.7107,18.1222,16.5100,0.0000,10.4783
2022-03-17,37.2305,31.9644,37.4320,34.7309,31.7349,34.5658,31.1194,30.1080,30.1295,23.7471,18.1503,16.4215,0.0000,10.4836
2022-03-16,37.1016,31.8540,36.8334,34.7044,31.6813,34.0283,31.0943,30.0575,30.0216,23.6660,18.0872,16.4960,0.0000,10.4712
2022-03-15,36.9799,31.7492,36.1675,34.6802,31.6491,33.4206,31.0779,30.0267,29.9220,23.5912,18.0319,16.5279,0.0000,10.4502
2022-03-14,36.9999,31.7670,36.5465,34.6758,31.6020,33.7613,31.0807,29.9867,29.9420,23.6015,18.0411,16.4834,0.0000,10.4466
2022-03-11,36.9103,31.6904,36.0351,34.6404,31.5966,33.2883,31.0450,29.9724,29.8722,23.5464,17.9975,16.5198,0.0000,10.4343
2022-03-10,36.9323,31.7096,35.9498,34.6626,31.6302,33.2120,31.0627,30.0151,29.8811,23.5595,18.0091,16.5477,0.0000,10.4500
2022-03-09,36.7860,31.5854,35.4164,34.6465,31.5316,32.7334,31.0468,29.9197,29.7668,23.4686,17.9423,16.5259,0.0000,10.4318
2022-03-08,36.6853,31.4999,34.7274,34.6445,31.5176,32.1015,31.0513,29.9082,29.6875,23.4068,17.8935,16.5182,0.0000,10.4219
2022-03-07,36.6493,31.4700,34.3803,34.6435,31.5368,31.7758,31.0578,29.9266,29.6618,23.3863,17.8769,16.5129,0.0000,10.4211
2022-03-04,36.8590,31.6502,35.2886,34.6541,31.6621,32.6218,31.0668,30.0399,29.8328,23.5172,17.9763,16.5504,0.0000,10.4357
2022-03-03,36.9428,31.7215,35.8385,34.6461,31.6658,33.1181,31.0675,30.0414,29.9006,23.5697,18.0166,16.5510,0.0000,10.4451
2022-03-02,37.0358,31.8004,36.1521,34.6748,31.7350,33.4030,31.0918,30.0997,29.9728,23.6285,18.0618,16.5804,0.0000,10.4552
2022-02-28,37.1687,31.9143,36.5856,34.7059,31.8326,33.8089,31.1228,30.1943,30.0748,23.7132,18.1255,16.5617,0.0000,10.4803
2022-02-25,37.1474,31.8941,36.3217,34.7013,31.8589,33.5861,31.1199,30.2176,30.0498,23.7009,18.1138,16.5492,0.0000,10.4786
2022-02-24,36.9867,31.7580,35.4767,34.6908,31.7967,32.8174,31.1119,30.1583,29.9260,23.6002,18.0363,16.5707,0.0000,10.4588
2022-02-23,37.2475,31.9815,37.2020,34.7016,31.8218,34.3801,31.1274,30.1781,30.1403,23.7647,18.1614,16.5717,0.0000,10.4769
2022-02-22,37.2341,31.9705,37.2425,34.7046,31.7870,34.4132,31.1321,30.1530,30.1281,23.7546,18.1534,16.5445,0.0000,10.4751
2022-02-21,37.3063,32.0314,37.4962,34.6961,31.8545,34.6370,31.1235,30.2167,30.1902,23.8017,18.1879,16.5202,0.0000,10.4931
2022-02-18,37.3222,32.0454,37.6298,34.6722,31.8729,34.7547,31.1025,30.2249,30.2002,23.8115,18.1994,16.5661,0.0000,10.4972
2022-02-17,37.2909,32.0190,37.7051,34.6468,31.8146,34.8237,31.0783,30.1740,30.1824,23.7918,18.1828,16.5838,0.0000,10.4881
2022-02-16,37.2838,32.0108,37.7944,34.6286,31.7874,34.9028,31.0656,30.1408,30.1817,23.7851,18.1763,16.5586,0.0000,10.4860
2022-02-15,37.2957,32.0214,37.8762,34.6196,31.7966,34.9762,31.0549,30.1513,30.1900,23.7940,18.1818,16.5217,0.0000,10.4903
2022-02-14,37.1440,31.8898,36.7952,34.6013,31.8176,33.9984,31.0352,30.1595,30.0624,23.6987,18.1125,16.4981,0.0000,10.4754
2022-02-11,37.2099,31.9429,37.9180,34.5483,31.6852,35.0038,30.9911,30.0521,30.1290,23.7383,18.1443,16.5542,0.0000,10.4728
2022-02-10,37.2198,31.9492,38.4322,34.5329,31.6081,35.4715,30.9585,29.9788,30.1353,23.7435,18.1505,16.4877,0.0000,10.4510
2022-02-09,37.0409,31.7941,38.1661,34.4006,31.4373,35.2329,30.8389,29.8338,29.9981,23.6311,18.0641,16.4561,0.0000,10.4158
2022-02-08,36.9301,31.6994,37.7580,34.3189,31.3693,34.8672,30.7749,29.7761,29.9104,23.5600,18.0105,16.4624,0.0000,10.4000
2022-02-04,36.8406,31.6190,38.2800,34.2587,31.1528,35.3456,30.7295,29.5817,29.8413,23.5028,17.9735,16.3736,0.0000,10.3706
2022-02-03,36.8449,31.6220,38.3877,34.2685,31.1335,35.4462,30.7363,29.5536,29.8508,23.5048,17.9745,16.3744,0.0000,10.3658
2022-02-02,36.8995,31.6666,38.7932,34.2466,31.1443,35.8176,30.7203,29.5582,29.8990,23.5397,18.0007,16.3663,0.0000,10.3722
2022-02-01,36.9107,31.6773,38.3921,34.2931,31.2220,35.4544,30.7535,29.6324,29.9103,23.5473,18.0035,16.3772,0.0000,10.3966
2022-01-31,37.0695,31.8171,37.9231,34.4326,31.5043,35.0353,30.8705,29.9011,30.0169,23.6485,18.0763,16.3440,0.0000,10.4597
2022-01-28,36.9122,31.6798,37.3867,34.4141,31.3819,34.5426,30.8554,29.7841,29.8987,23.5454,17.9997,16.3291,0.0000,10.4232
2022-01-27,36.9037,31.6681,37.4247,34.3896,31.3695,34.5847,30.8331,29.7727,29.8923,23.5387,17.9946,16.3001,0.0000,10.4131
2022-01-25,37.0308,31.7816,37.7454,34.4262,31.4949,34.8791,30.8622,29.8796,29.9886,23.6194,18.0561,16.2898,0.0000,10.4415
2022-01-24,36.9824,31.7420,37.4166,34.4262,31.4909,34.5768,30.8645,29.8664,29.9452,23.5886,18.0319,16.3397,0.0000,10.4371
2022-01-21,37.1304,31.8694,38.3603,34.4338,31.5023,35.4516,30.8688,29.8811,30.0608,23.6808,18.1034,16.3840,0.0000,10.4506
2022-01-20,37.1799,31.9126,38.6878,34.4227,31.5083,35.7626,30.8601,29.8852,30.0967,23.7128,18.1280,16.3930,0.0000,10.4516
2022-01-19,37.2040,31.9331,39.0207,34.4080,31.4870,36.0694,30.8473,29.8700,30.1143,23.7302,18.1392,16.3597,0.0000,10.4519
2022-01-18,37.2446,31.9667,39.3637,34.3898,31.4832,36.3946,30.8299,29.8716,30.1420,23.7557,18.1601,16.3907,0.0000,10.4428
2022-01-17,37.3192,32.0332,39.7691,34.4082,31.4959,36.7776,30.8463,29.8847,30.2025,23.8035,18.1957,16.4156,0.0000,10.4536
2022-01-14,37.3481,32.0617,39.6619,34.4208,31.5703,36.6672,30.8544,29.9651,30.2273,23.8225,18.2083,16.3264,0.0000,10.4782
2022-01-13,37.3403,32.0539,39.6721,34.4100,31.5614,36.6691,30.8489,29.9602,30.2164,23.8186,18.2076,16.3570,0.0000,10.4729
2022-01-12,37.2967,32.0160,39.6026,34.4193,31.5129,36.6110,30.8587,29.9316,30.1815,23.7921,18.1885,16.3015,0.0000,10.4631
2022-01-11,37.2643,31.9880,39.2711,34.4055,31.5510,36.3011,30.8462,29.9621,30.1600,23.7728,18.1730,16.2504,0.0000,10.4646
2022-01-10,37.2467,31.9719,39.1951,34.3793,31.5444,36.2346,30.8202,29.9490,30.1438,23.7611,18.1623,16.2703,0.0000,10.4558
2022-01-07,37.2386,31.9673,38.7747,34.4052,31.6147,35.8385,30.8423,30.0254,30.1355,23.7575,18.1573,16.2481,0.0000,10.4749
2022-01-06,37.2280,31.9565,38.6463,34.3977,31.6267,35.7232,30.8342,30.0231,30.1245,23.7515,18.1503,16.1757,0.0000,10.4818
2022-01-05,37.3013,32.0204,38.9732,34.4129,31.6662,36.0252,30.8486,30.0595,30.1873,23.7981,18.1853,16.1248,0.0000,10.4991
2022-01-04,37.2634,31.9874,38.7213,34.4384,31.6593,35.7842,30.8759,30.0450,30.1637,23.7729,18.1648,16.1071,0.0000,10.4853
2022-01-03,37.2978,32.0238,38.3630,34.4971,31.7898,35.4507,30.9282,30.1597,30.1829,23.7987,18.1851,16.0727,0.0000,10.5056
2021-12-31,37.2135,31.9520,37.8299,34.4848,31.7820,34.9467,30.9184,30.1628,30.1144,23.7455,18.1455,16.0935,0.0000,10.4983
2021-12-30,37.1484,31.8969,37.5155,34.4793,31.7599,34.6533,30.9177,30.1292,30.0668,23.7048,18.1113,16.0845,0.0000,10.4817
2021-12-29,37.1623,31.9104,37.5199,34.4793,31.7790,34.6604,30.9135,30.1473,30.0649,23.7137,18.1198,16.0849,0.0000,10.4822
2021-12-28,37.1329,31.8856,37.5614,34.4687,31.7394,34.7052,30.9058,30.1185,30.0411,23.6957,18.1097,16.0520,0.0000,10.4836
2021-12-27,37.1269,31.8827,37.2323,34.4784,31.7865,34.4019,30.9098,30.1652,30.0324,23.6906,18.1038,16.0707,0.0000,10.4950
2021-12-24,37.0908,31.8525,37.0502,34.4646,31.7720,34.2225,30.8984,30.1601,30.0073,23.6687,18.0874,16.0498,0.0000,10.4990
2021-12-23,37.1172,31.8747,37.2014,34.4738,31.7989,34.3690,30.8915,30.1717,30.0246,23.6859,18.1024,16.0336,0.0000,10.4935
2021-12-22,37.0719,31.8356,36.9334,34.4674,31.7797,34.1110,30.8865,30.1600,29.9877,23.6566,18.0793,16.0567,0.0000,10.4876
2021-12-21,37.0257,31.7975,36.5396,34.4916,31.7980,33.7370,30.8943,30.1802,29.9486,23.6286,18.0577,16.0498,0.0000,10.4857
2021-12-20,37.0463,31.8164,36.2128,34.5352,31.8714,33.4450,30.9354,30.2485,29.9614,23.6415,18.0650,16.0363,0.0000,10.5052
2021-12-17,37.1999,31.9489,36.9749,34.5577,31.9393,34.1654,30.9533,30.3076,30.0849,23.7396,18.1398,16.0663,0.0000,10.5221
2021-12-16,37.2997,32.0340,37.5365,34.5674,31.9664,34.6975,30.9650,30.3306,30.1633,23.8043,18.1886,16.0601,0.0000,10.5294
2021-12-15,37.3064,32.0405,37.5140,34.5636,31.9815,34.6783,30.9630,30.3505,30.1672,23.8086,18.1915,16.0689,0.0000,10.5363
2021-12-14,37.3224,32.0550,37.7022,34.5500,31.9731,34.8586,30.9568,30.3301,30.1824,23.8184,18.2010,16.0708,0.0000,10.5324
2021-12-13,37.3117,32.0444,37.7794,34.5141,31.9533,34.9323,30.9172,30.3118,30.1732,23.8099,18.1932,16.0447,0.0000,10.5321
2021-12-10,37.3344,32.0647,38.0571,34.5205,31.9393,35.1910,30.9185,30.2979,30.1866,23.8250,18.2057,16.0248,0.0000,10.5315
2021-12-09,37.3359,32.0671,38.0068,34.5138,31.9572,35.1436,30.9134,30.3159,30.1861,23.8264,18.2071,16.0333,0.0000,10.5346
2021-12-08,37.3062,32.0418,37.8890,34.4965,31.9487,35.0279,31.1367,30.3097,30.1605,23.8090,18.1932,16.0080,0.0000,10.5277
2021-12-07,37.1757,31.9292,37.2694,34.4857,31.8874,34.4597,31.1312,30.2516,30.0535,23.7266,18.1298,15.9884,0.0000,10.5043
2021-12-06,37.1095,31.8739,36.7300,34.4805,31.9149,33.9644,31.1228,30.2770,29.9973,23.6867,18.0989,16.0250,0.0000,10.4949
2021-12-03,37.1745,31.9297,37.3629,34.4413,31.8929,34.5403,31.0974,30.2573,30.0497,23.7278,18.1317,16.0331,0.0000,10.4992
2021-12-02,37.2439,31.9888,37.7830,34.4330,31.9155,34.9216,31.0863,30.2733,30.1055,23.7724,18.1651,16.0304,0.0000,10.5094
2021-12-01,37.1843,31.9379,37.3446,34.4294,31.9184,34.5267,31.0849,30.2725,30.0557,23.7349,18.1346,16.0186,0.0000,10.5004
2021-11-30,37.1273,31.8905,37.0312,34.4292,31.9114,34.2338,31.0814,30.2738,30.0056,23.6994,18.1079,16.0188,0.0000,10.4877
2021-11-29,37.1229,31.8838,37.1331,34.4080,31.8830,34.3224,31.0671,30.2524,30.0075,23.6953,18.1060,16.0180,0.0000,10.4826
2021-11-26,37.1045,31.8664,37.1053,34.3807,31.8727,34.2970,31.0439,30.2442,29.9886,23.6832,18.0980,16.0385,0.0000,10.4824
2021-11-25,37.2063,31.9538,38.1277,34.3772,31.8052,35.2388,31.0365,30.1761,30.0776,23.7459,18.1478,16.0100,0.0000,10.4969
2021-11-24,37.1718,31.9249,37.8919,34.3813,31.7885,35.0289,31.0405,30.1675,30.0479,23.7234,18.1299,16.1301,0.0000,10.4813
2021-11-23,37.1965,31.9459,38.0741,34.3962,31.7834,35.1935,31.0490,30.1646,30.0703,23.7381,18.1413,16.1344,0.0000,10.4814
2021-11-22,37.1680,31.9220,37.8747,34.3848,31.7957,35.0135,31.0354,30.1755,30.0475,23.7216,18.1285,16.1288,0.0000,10.4872
2021-11-18,37.2586,31.9990,38.5990,34.3424,31.7936,35.6862,31.0062,30.1641,30.1230,23.7773,18.1720,16.1228,0.0000,10.4868
2021-11-17,37.2795,32.0137,38.9062,34.3264,31.7509,35.9723,30.9913,30.1274,30.1361,23.7882,18.1793,16.1420,0.0000,10.4868
2021-11-16,37.2979,32.0289,39.1003,34.3051,31.7398,36.1477,30.9679,30.1224,30.1609,23.7970,18.1829,16.1233,0.0000,10.4794
2021-11-15,37.3367,32.0624,39.3265,34.3109,31.7597,36.3511,30.9750,30.1478,30.1902,23.8226,18.2062,16.1194,0.0000,10.4916
2021-11-12,37.2912,32.0243,39.2950,34.2988,31.7048,36.3213,30.9687,30.0906,30.1606,23.7939,18.1865,16.1165,0.0000,10.4796
2021-11-11,37.2100,31.9561,38.8553,34.2992,31.6801,35.9113,30.9568,30.0592,30.1030,23.7430,18.1456,16.0607,0.0000,10.4651
2021-11-10,37.2925,32.0276,39.2374,34.2866,31.7237,36.2724,30.9473,30.0939,30.1690,23.7948,18.1866,16.0845,0.0000,10.4752
2021-11-09,37.3039,32.0384,39.2760,34.2906,31.7479,36.2998,30.9489,30.1166,30.1804,23.8033,18.1944,16.0834,0.0000,10.4722
2021-11-08,37.2549,31.9948,39.2934,34.2832,31.6724,36.3128,30.9462,30.0548,30.1422,23.7697,18.1695,16.0629,0.0000,10.4620
2021-11-03,37.0929,31.8532,38.7291,34.2191,31.5472,35.7933,30.8988,29.9370,30.0136,23.6656,18.0873,16.0853,0.0000,10.4378
2021-11-02,37.0870,31.8484,38.8647,34.2112,31.5107,35.9099,30.8909,29.8983,30.0129,23.6613,18.0839,16.0652,0.0000,10.4338
2021-11-01,37.0683,31.8332,38.8992,34.2012,31.4739,35.9271,30.8871,29.8700,29.9974,23.6497,18.0751,16.0656,0.0000,10.4402
2021-10-29,36.9899,31.7678,38.3488,34.1808,31.4876,35.4255,30.8574,29.8833,29.9299,23.6022,18.0398,16.0568,0.0000,10.4432
2021-10-28,37.0909,31.8522,38.7007,34.1924,31.5632,35.7485,30.8657,29.9626,30.0051,23.6654,18.0868,16.0550,0.0000,10.4464
2021-10-27,37.1796,31.9270,39.4312,34.1887,31.5453,36.4117,30.8619,29.9389,30.0744,23.7206,18.1321,16.0396,0.0000,10.4609
2021-10-26,37.1596,31.9104,39.5026,34.1670,31.4937,36.4804,30.8417,29.8970,30.0647,23.7059,18.1222,16.0145,0.0000,10.4634
2021-10-25,37.1205,31.8757,39.1683,34.2196,31.4887,36.1702,30.8805,29.8872,30.0277,23.6809,18.1039,16.0512,0.0000,10.4422
2021-10-22,37.0787,31.8389,39.1238,34.1595,31.4630,36.1252,30.8310,29.8625,29.9979,23.6534,18.0813,16.0317,0.0000,10.4385
2021-10-21,37.0986,31.8544,39.2730,34.1265,31.4801,36.2803,30.8070,29.8877,30.0161,23.6657,18.0913,15.9975,0.0000,10.4474
2021-10-20,37.0637,31.8274,39.4486,34.0914,31.4069,36.4260,30.7819,29.8268,29.9945,23.6465,18.0758,16.0332,0.0000,10.4541
2021-10-18,37.1251,31.8810,39.8748,34.1487,31.3951,36.8125,30.8281,29.8043,30.0381,23.6851,18.1077,16.0508,0.0000,10.4487
2021-10-14,37.1356,31.8903,39.6275,34.1653,31.4707,36.5785,30.8364,29.8709,30.0539,23.6922,18.1135,16.0300,0.0000,10.4499
2021-10-13,37.0833,31.8449,39.3112,34.1459,31.4596,36.2977,30.8180,29.8697,30.0104,23.6600,18.0880,15.9784,0.0000,10.4494
2021-10-12,36.9945,31.7709,38.9873,34.1303,31.4096,35.9955,30.8040,29.8224,29.9351,23.6044,18.0458,15.9216,0.0000,10.4303
2021-10-11,36.9833,31.7627,38.8938,34.1141,31.4166,35.9162,30.8020,29.8295,29.9281,23.5966,18.0380,15.9160,0.0000,10.4374
2021-10-08,36.9881,31.7694,38.8048,34.1035,31.4528,35.8355,30.7948,29.8625,29.9230,23.6022,18.0406,15.9179,0.0000,10.4442
2021-10-07,37.0341,31.8069,38.6052,34.1369,31.5652,35.6505,30.8298,29.9387,29.9559,23.6325,18.0591,15.9230,0.0000,10.4299
2021-10-06,36.9745,31.7571,38.2717,34.1478,31.5276,35.3317,30.8390,29.9204,29.8972,23.5952,18.0280,15.9299,0.0000,10.4527
2021-10-05,37.0407,31.8141,38.6410,34.1598,31.5546,35.6757,30.8477,29.9379,29.9612,23.6377,18.0613,15.9297,0.0000,10.4406
2021-10-04,37.0193,31.7940,38.3223,34.1710,31.5740,35.3810,30.8543,29.9801,29.9427,23.6238,18.0504,15.9465,0.0000,10.4507
2021-10-01,36.9613,31.7452,38.0184,34.1634,31.5713,35.0897,30.8481,29.9702,29.8947,23.5873,18.0234,15.9403,0.0000,10.4402
2021-09-30,37.0212,31.7957,38.2411,34.1674,31.6109,35.2954,30.8511,30.0036,29.9389,23.6257,18.0499,15.9231,0.0000,10.4482
2021-09-29,37.0504,31.8196,38.4585,34.1587,31.6153,35.4996,30.8426,30.0109,29.9637,23.6451,18.0650,15.8677,0.0000,10.4497
2021-09-28,37.0430,31.8132,38.5543,34.1372,31.5901,35.6000,30.8299,29.9836,29.9555,23.6404,18.0638,15.8796,0.0000,10.4413
2021-09-27,37.0859,31.8512,38.7565,34.1470,31.6048,35.7940,30.8306,29.9935,29.9886,23.6688,18.0845,15.8708,0.0000,10.4511
2021-09-24,37.1063,31.8700,38.7606,34.1458,31.6426,35.7935,30.8267,30.0321,30.0018,23.6848,18.0937,15.8496,0.0000,10.4570
2021-09-23,37.1577,31.9162,38.6919,34.1913,31.7231,35.7337,30.8662,30.1070,30.0403,23.7178,18.1194,15.8481,0.0000,10.4483
2021-09-22,37.0847,31.8538,38.1530,34.1921,31.7256,35.2300,30.8661,30.1033,29.9783,23.6700,18.0821,15.8763,0.0000,10.4668
2021-09-21,37.0624,31.8353,38.1547,34.1408,31.7114,35.2148,30.8383,30.0869,29.9556,23.6574,18.0719,15.8800,0.0000,10.4611
2021-09-20,37.0148,31.7922,37.8727,34.1462,31.6970,34.9436,30.8352,30.0704,29.9160,23.6266,18.0486,15.8795,0.0000,10.4478
2021-09-17,37.0044,31.7836,38.2149,34.1190,31.6222,35.2571,30.8076,30.0030,29.9180,23.6195,18.0444,15.8482,0.0000,10.4416
2021-09-16,36.9920,31.7738,38.2955,34.1086,31.5861,35.3238,30.7985,29.9799,29.9092,23.6124,18.0404,15.8671,0.0000,10.4291
2021-09-15,36.9359,31.7268,38.0424,34.0919,31.5752,35.0919,30.7827,29.9752,29.8611,23.5762,18.0153,15.8268,0.0000,10.4297
2021-09-14,36.8442,31.6477,37.7308,34.0811,31.5048,34.8094,30.7682,29.9076,29.7910,23.5166,17.9715,15.8272,0.0000,10.4248
2021-09-13,36.8076,31.6162,37.6443,34.0537,31.4762,34.7301,30.7515,29.8840,29.7575,23.4926,17.9542,15.8436,0.0000,10.4196
2021-09-09,36.8053,31.6151,37.6909,34.0152,31.4781,34.7769,30.7283,29.8855,29.7532,23.4924,17.9553,15.8412,0.0000,10.4283
2021-09-08,36.7695,31.5846,37.6521,34.0123,31.4418,34.7426,30.7234,29.8529,29.7337,23.4690,17.9385,15.8222,0.0000,10.4199
2021-09-07,36.7576,31.5755,37.6457,33.9681,31.4406,34.7423,30.6997,29.8495,29.7180,23.4632,17.9321,15.8076,0.0000,10.4115
2021-09-06,36.7946,31.6070,37.6910,33.9686,31.4936,34.7710,30.6980,29.9018,29.7407,23.4881,17.9489,15.7971,0.0000,10.4030
2021-09-03,36.7394,31.5595,37.6072,33.9529,31.4450,34.6959,30.6819,29.8564,29.6930,23.4535,17.9241,15.7888,0.0000,10.3918
2021-09-02,36.6579,31.4886,37.4346,33.9490,31.3578,34.5379,30.6704,29.7805,29.6340,23.3998,17.8841,15.8024,0.0000,10.3834
2021-09-01,36.5709,31.4130,37.0939,33.9051,31.2997,34.2238,30.6299,29.7326,29.5686,23.3422,17.8405,15.8053,0.0000,10.3820
2021-08-31,36.5303,31.3786,37.1447,33.8654,31.2483,34.2577,30.5956,29.6847,29.5432,23.3158,17.8207,15.7791,0.0000,10.3699
2021-08-30,36.4648,31.3210,36.7177,33.8753,31.2308,33.8624,30.5988,29.6676,29.4942,23.2719,17.7885,15.7668,0.0000,10.3613
2021-08-27,36.3311,31.2066,36.2173,33.8132,31.1468,33.4042,30.5482,29.5977,29.3818,23.1858,17.7245,15.7614,0.0000,10.3616
2021-08-26,36.2713,31.1538,36.0383,33.8086,31.1051,33.2404,30.5509,29.5564,29.3387,23.1477,17.6974,15.7381,0.0000,10.3496
2021-08-25,36.2645,31.1482,36.0445,33.8052,31.0947,33.2414,30.5464,29.5454,29.3325,23.1432,17.6929,15.7613,0.0000,10.3481
2021-08-24,36.2545,31.1391,36.0480,33.7908,31.0783,33.2348,30.5347,29.5286,29.3278,23.1364,17.6886,15.7671,0.0000,10.3360
2021-08-23,36.2073,31.0997,35.7928,33.7774,31.0706,32.9946,30.5240,29.5276,29.2836,23.1064,17.6653,15.7905,0.0000,10.3274
2021-08-20,36.1688,31.0655,35.7325,33.7557,31.0433,32.9393,30.5044,29.5023,29.2615,23.0803,17.6473,15.6800,0.0000,10.3339
2021-08-18,36.1839,31.0789,35.9872,33.7432,31.0081,33.1654,30.4942,29.4712,29.2812,23.0903,17.6548,15.7611,0.0000,10.3167
2021-08-17,36.1655,31.0628,36.0709,33.7117,30.9767,33.2400,30.4636,29.4469,29.2656,23.0769,17.6439,15.7193,0.0000,10.3115
2021-08-13,36.0990,31.0027,35.9433,33.6693,30.9221,33.1328,30.4245,29.3934,29.2178,23.0324,17.6106,15.6268,0.0000,10.3021
2021-08-12,36.0440,30.9548,35.6411,33.6382,30.8937,32.8640,30.4042,29.3699,29.1670,22.9985,17.5822,15.7475,0.0000,10.3004
2021-08-11,35.9870,30.9062,35.4422,33.6177,30.8645,32.6713,30.3860,29.3372,29.1215,22.9626,17.5558,15.7264,0.0000,10.2954
2021-08-10,35.9953,30.9139,35.4708,33.6223,30.8771,32.7049,30.3901,29.3481,29.1287,22.9683,17.5606,15.7129,0.0000,10.2938
2021-08-09,35.9937,30.9126,35.4359,33.6041,30.8908,32.6778,30.3747,29.3585,29.1275,22.9667,17.5573,15.7132,0.0000,10.2923
2021-08-06,35.9640,30.8873,35.3735,33.6099,30.8529,32.6231,30.3830,29.3235,29.1072,22.9467,17.5444,15.7098,0.0000,10.2915
2021-08-05,36.0633,30.9744,35.4984,33.6808,30.9591,32.7390,30.4393,29.4246,29.1808,23.0108,17.5920,15.7048,0.0000,10.3130
2021-08-04,36.0488,30.9633,35.4354,33.6630,30.9540,32.6926,30.4220,29.4210,29.1682,23.0023,17.5866,15.7250,0.0000,10.3094
2021-08-03,36.0066,30.9265,35.2119,33.6309,30.9428,32.4774,30.3913,29.4086,29.1348,22.9738,17.5620,15.7207,0.0000,10.3034
2021-08-02,35.9208,30.8522,34.6789,33.6273,30.9267,31.9927,30.3881,29.3945,29.0683,22.9180,17.5174,15.6447,0.0000,10.3006
2021-07-30,35.8456,30.7877,34.4134,33.6033,30.8820,31.7565,30.3789,29.3460,29.0101,22.8704,17.4810,15.6515,0.0000,10.2978
2021-07-29,35.8500,30.7918,34.4140,33.6066,30.8845,31.7674,30.3800,29.3502,29.0099,22.8741,17.4828,15.6493,0.0000,10.2969
2021-07-28,35.8532,30.7934,34.3385,33.6184,30.9070,31.7180,30.3846,29.3727,29.0029,22.8763,17.4856,15.6106,0.0000,10.2960
2021-07-27,35.8653,30.8032,34.4254,33.6095,30.9189,31.8091,30.3745,29.3855,29.0143,22.8834,17.4912,15.6028,0.0000,10.2951
2021-07-26,35.8841,30.8182,34.6261,33.5887,30.9212,31.9914,30.3582,29.3845,29.0312,22.8962,17.5015,15.5748,0.0000,10.2941
2021-07-23,35.8633,30.8038,34.7002,33.5715,30.8808,32.0706,30.3395,29.3560,29.0206,22.8823,17.4934,15.5712,0.0000,10.2911
2021-07-22,35.8467,30.7891,34.5916,33.5844,30.8772,31.9821,30.3443,29.3519,29.0076,22.8734,17.4871,15.6468,0.0000,10.2901
2021-07-19,35.8039,30.7519,34.4309,33.5673,30.8513,31.8360,30.3284,29.3250,28.9795,22.8467,17.4633,15.6312,0.0000,10.2872
2021-07-16,35.8050,30.7510,34.7456,33.5242,30.8133,32.1277,30.3020,29.2931,28.9813,22.8472,17.4662,15.5559,0.0000,10.2845
2021-07-15,35.8094,30.7557,34.7521,33.4636,30.8452,32.1362,30.2473,29.3183,28.9836,22.8512,17.4631,15.5310,0.0000,10.2836
2021-07-14,35.7666,30.7180,34.6005,33.4417,30.8189,32.0000,30.2250,29.2980,28.9407,22.8223,17.4414,15.5221,0.0000,10.2824
2021-07-13,35.7507,30.7070,34.4937,33.4228,30.8278,31.9067,30.2090,29.3075,28.9205,22.8141,17.4334,15.5612,0.0000,10.2814
2021-07-12,35.6967,30.6621,34.2610,33.4051,30.8030,31.6936,30.1992,29.2813,28.8844,22.7791,17.4066,15.5338,0.0000,10.2804
2021-07-09,35.7216,30.6846,34.2281,33.4514,30.8435,31.6605,30.2307,29.3159,28.8984,22.7961,17.4198,15.5119,0.0000,10.2774
2021-07-08,35.7342,30.6933,34.3285,33.4393,30.8504,31.7546,30.2215,29.3321,28.9089,22.8040,17.4246,15.4911,0.0000,10.2765
2021-07-07,35.7121,30.6722,34.6272,33.3998,30.7559,32.0267,30.1847,29.2348,28.8980,22.7882,17.4130,15.5321,0.0000,10.2754
2021-07-06,35.6851,30.6492,34.5162,33.4004,30.7434,31.9282,30.1850,29.2174,28.8793,22.7717,17.4000,15.5100,0.0000,10.2748
2021-07-05,35.7782,30.7310,34.5639,33.4097,30.8743,31.9674,30.1830,29.3425,28.9513,22.8302,17.4416,15.5053,0.0000,10.2739
2021-07-02,35.7297,30.6897,34.3375,33.3942,30.8579,31.7609,30.1651,29.3243,28.9151,22.7974,17.4147,15.4943,0.0000,10.2715
2021-07-01,35.7421,30.7017,34.2553,33.3807,30.9031,31.6832,30.1546,29.3586,28.9224,22.8043,17.4194,15.5340,0.0000,10.2702
2021-06-30,35.7343,30.6943,34.3128,33.3711,30.8883,31.7358,30.1545,29.3412,28.9229,22.8009,17.4155,15.4924,0.0000,10.2693
2021-06-29,35.7514,30.7084,34.3765,33.3737,30.8926,31.7953,30.1682,29.3390,28.9326,22.8103,17.4226,15.5151,0.0000,10.2682
2021-06-28,35.7796,30.7303,34.5043,33.4186,30.8759,31.9070,30.1908,29.3246,28.9643,22.8282,17.4361,15.4895,0.0000,10.2673
2021-06-25,35.8354,30.7804,34.5931,33.4549,30.9398,31.9908,30.2177,29.3879,29.0047,22.8648,17.4636,15.5228,0.0000,10.2645
2021-06-24,35.8333,30.7817,34.4215,33.4530,30.9873,31.8357,30.2171,29.4340,28.9902,22.8648,17.4649,15.5064,0.0000,10.2634
2021-06-23,35.8008,30.7555,34.2036,33.4824,30.9785,31.6366,30.2308,29.4226,28.9643,22.8442,17.4495,15.4913,0.0000,10.2625
2021-06-22,35.8265,30.7769,34.3656,33.4687,30.9819,31.7845,30.2094,29.4213,28.9893,22.8598,17.4601,15.4532,0.0000,10.2614
2021-06-21,35.8321,30.7827,34.3227,33.4897,30.9992,31.7480,30.2319,29.4391,28.9926,22.8631,17.4646,15.4831,0.0000,10.2602
2021-06-18,35.7914,30.7481,34.1955,33.4582,30.9829,31.6332,30.2039,29.4240,28.9586,22.8383,17.4475,15.4588,0.0000,10.2573
2021-06-17,35.8119,30.7640,34.2566,33.4623,30.9868,31.6877,30.2213,29.4185,28.9782,22.8495,17.4544,15.4635,0.0000,10.2566
2021-06-16,35.8342,30.7831,34.3964,33.4718,30.9969,31.8144,30.2336,29.4325,28.9962,22.8644,17.4676,15.3472,0.0000,10.2561
2021-06-15,35.9220,30.8613,34.5943,33.5705,31.0486,31.9969,30.3215,29.4894,29.0672,22.9243,17.5155,15.4348,0.0000,10.2553
2021-06-14,35.9670,30.9004,34.4525,33.5934,31.1362,31.8670,30.3341,29.5706,29.0992,22.9502,17.5348,15.4853,0.0000,10.2544
2021-06-11,35.9499,30.8860,34.4019,33.5639,31.1314,31.8175,30.3108,29.5551,29.0866,22.9381,17.5241,15.4762,0.0000,10.2518
2021-06-10,35.9125,30.8530,34.2976,33.5377,31.0948,31.7275,30.2871,29.5244,29.0525,22.9144,17.5021,15.5088,0.0000,10.2509
2021-06-09,35.8572,30.8061,34.0427,33.5222,31.0665,31.4820,30.2781,29.4948,29.0085,22.8794,17.4749,15.4973,0.0000,10.2499
2021-06-08,35.8608,30.8079,34.2708,33.4630,31.0519,31.6942,30.2329,29.4907,29.0125,22.8817,17.4758,15.4721,0.0000,10.2489
2021-06-07,35.8252,30.7775,34.2480,33.4576,31.0033,31.6727,30.2312,29.4397,28.9861,22.8580,17.4590,15.4699,0.0000,10.2481
2021-06-04,35.7506,30.7131,34.0406,33.4084,30.9567,31.4896,30.1866,29.3945,28.9228,22.8105,17.4218,15.4562,0.0000,10.2454
2021-06-03,35.7543,30.7175,34.0814,33.3895,30.9664,31.5222,30.1709,29.4085,28.9229,22.8150,17.4267,15.4573,0.0000,10.2444
2021-06-02,35.7109,30.6792,33.8297,33.3772,30.9574,31.2859,30.1622,29.4022,28.8924,22.7856,17.4024,15.4629,0.0000,10.2435
2021-06-01,35.6916,30.6625,33.8179,33.3766,30.9384,31.2756,30.1590,29.3841,28.8769,22.7735,17.3934,15.4537,0.0000,10.2427
2021-05-31,35.7089,30.6780,33.8733,33.3792,30.9484,31.3214,30.1651,29.3932,28.8923,22.7835,17.4009,15.4106,0.0000,10.2418
2021-05-28,35.6962,30.6651,33.5296,33.3721,31.0039,31.0056,30.1596,29.4466,28.8872,22.7721,17.3873,15.3143,0.0000,10.2390
2021-05-27,35.7073,30.6776,33.3908,33.3859,31.0390,30.8802,30.1653,29.4773,28.8916,22.7810,17.3917,15.4465,0.0000,10.2380
2021-05-25,35.6662,30.6414,33.0828,33.3762,31.0509,30.5977,30.1572,29.4947,28.8543,22.7538,17.3686,15.4105,0.0000,10.2362
2021-05-24,35.6326,30.6119,33.0371,33.3505,31.0391,30.5588,30.1321,29.4801,28.8221,22.7323,17.3510,15.3196,0.0000,10.2354
2021-05-21,35.6126,30.5967,32.9501,33.3419,31.0292,30.4755,30.1232,29.4658,28.7968,22.7201,17.3413,15.4137,0.0000,10.2327
2021-05-20,35.5115,30.5113,32.4044,33.3290,30.9896,29.9650,30.1154,29.4438,28.7212,22.6554,17.2936,15.4091,0.0000,10.2318
2021-05-19,35.5211,30.5184,32.6207,33.3145,30.9678,30.1619,30.0970,29.4201,28.7327,22.6606,17.2955,15.3170,0.0000,10.2310
2021-05-18,35.5138,30.5137,32.7511,33.2827,30.9605,30.2874,30.0698,29.4200,28.7236,22.6590,17.2952,15.2950,0.0000,10.2300
2021-05-17,35.4617,30.4663,32.3812,33.2600,30.9717,29.9418,30.0574,29.4281,28.6796,22.6231,17.2648,15.2603,0.0000,10.2292
2021-05-14,35.3612,30.3834,31.9044,33.2527,30.9318,29.4935,30.0491,29.3960,28.5965,22.5597,17.2199,15.2067,0.0000,10.2265
2021-05-12,35.3730,30.3896,31.9361,33.2481,30.9415,29.5174,30.0414,29.4024,28.6136,22.5671,17.2190,15.2050,0.0000,10.2248
2021-05-11,35.4042,30.4150,32.2014,33.2515,30.9340,29.7606,30.0475,29.3989,28.6359,22.5896,17.2365,15.1908,0.0000,10.2238
2021-05-10,35.4027,30.4141,32.3501,33.2188,30.9281,29.9034,30.0242,29.3939,28.6361,22.5917,17.2371,15.1849,0.0000,10.2232
2021-05-07,35.3590,30.3797,32.0789,33.2052,30.9186,29.6523,30.0078,29.3807,28.5961,22.5627,17.2137,15.1552,0.0000,10.2206
2021-05-06,35.3350,30.3626,31.9299,33.1926,30.9195,29.5226,29.9844,29.3825,28.5755,22.5482,17.2018,15.1239,0.0000,10.2199
2021-05-05,35.2802,30.3149,31.7416,33.1854,30.8817,29.3541,29.9803,29.3389,28.5286,22.5121,17.1780,15.1499,0.0000,10.2192
2021-05-04,35.2106,30.2547,31.4336,33.1505,30.8495,29.0719,29.9480,29.3044,28.4715,22.4667,17.1411,15.1524,0.0000,10.2184
2021-05-03,35.2395,30.2797,31.6778,33.1533,30.8532,29.2970,29.9512,29.3111,28.4964,22.4871,17.1588,15.1434,0.0000,10.2175
2021-04-30,35.2228,30.2657,31.6798,33.1094,30.8427,29.2972,29.9165,29.3007,28.4850,22.4769,17.1485,15.0652,0.0000,10.2151
2021-04-29,35.2750,30.3084,32.1902,33.0876,30.8226,29.7777,29.8924,29.2831,28.5263,22.5095,17.1700,15.0368,0.0000,10.2142
2021-04-28,35.2536,30.2886,32.1770,33.0763,30.8004,29.7659,29.8838,29.2629,28.5097,22.4948,17.1603,15.1027,0.0000,10.2134
2021-04-27,35.1927,30.2377,31.7436,33.0634,30.7975,29.3479,29.8757,29.2594,28.4648,22.4549,17.1282,15.1281,0.0000,10.2127
2021-04-26,35.1340,30.1864,31.4306,33.0480,30.7887,29.0486,29.8621,29.2485,28.4201,22.4182,17.0977,15.1267,0.0000,10.2116
2021-04-23,35.0266,30.0941,31.1365,33.0059,30.7283,28.7702,29.8270,29.1887,28.3389,22.3489,17.0480,15.0617,0.0000,10.2090
2021-04-22,35.0633,30.1237,31.2868,33.0076,30.7369,28.9134,29.8323,29.1873,28.3633,22.3730,17.0638,15.1048,0.0000,10.2080
2021-04-20,34.9979,30.0684,31.0872,33.0146,30.6771,28.7246,29.8320,29.1210,28.3103,22.3337,17.0346,15.0915,0.0000,10.2061
2021-04-19,35.0142,30.0822,31.1847,33.0071,30.6897,28.8165,29.8237,29.1337,28.3284,22.3422,17.0383,15.0463,0.0000,10.2053
2021-04-16,35.0686,30.1250,31.7360,32.9335,30.6619,29.3266,29.7663,29.1123,28.3834,22.3737,17.0589,15.0627,0.0000,10.2027
2021-04-15,35.0595,30.1172,31.6495,32.9578,30.6611,29.2522,29.7960,29.1167,28.3720,22.3666,17.0565,15.0499,0.0000,10.2019
2021-04-12,35.0429,30.1095,31.1305,32.9805,30.7580,28.7694,29.8062,29.2106,28.3423,22.3594,17.0512,15.0427,0.0000,10.1993
2021-04-09,35.2042,30.2421,32.2132,32.9531,30.7806,29.7764,29.7881,29.2375,28.4869,22.4589,17.1238,15.0247,0.0000,10.1968
2021-04-08,35.2265,30.2613,32.2887,32.9348,30.8033,29.8544,29.7744,29.2730,28.4975,22.4734,17.1337,14.9957,0.0000,10.1960
2021-04-07,35.1696,30.2120,32.1988,32.9101,30.7498,29.7775,29.7513,29.2144,28.4594,22.4369,17.1082,14.9686,0.0000,10.1953
2021-04-06,35.0648,30.1223,31.8801,32.8804,30.6634,29.4818,29.7234,29.1118,28.3838,22.3686,17.0576,14.9550,0.0000,10.1943
2021-04-05,35.0106,30.0755,31.8381,32.8408,30.6213,29.4417,29.6903,29.0749,28.3410,22.3339,17.0324,14.9382,0.0000,10.1932
2021-03-31,34.9785,30.0444,31.9959,32.7821,30.5604,29.5993,29.6416,29.0120,28.3075,22.3121,17.0141,14.9557,0.0000,10.1886
2021-03-30,35.0021,30.0657,32.2474,32.7598,30.5576,29.8320,29.6197,29.0098,28.3258,22.3267,17.0222,14.9337,0.0000,10.1876
2021-03-26,34.8918,29.9751,31.5941,32.7282,30.5434,29.2372,29.5949,29.0014,28.2304,22.2592,16.9728,14.9342,0.0000,10.1837
2021-03-25,34.8187,29.9128,31.2208,32.7081,30.5091,28.8990,29.5845,28.9707,28.1806,22.2107,16.9340,14.8886,0.0000,10.1826
2021-03-24,34.8923,29.9726,31.7319,32.7084,30.5243,29.3692,29.5665,28.9799,28.2391,22.2566,16.9710,14.8564,0.0000,10.1815
2021-03-23,34.9095,29.9824,32.2836,32.6194,30.4721,29.8798,29.4949,28.9271,28.2676,22.2616,16.9738,14.8047,0.0000,10.1802
2021-03-22,34.7797,29.8734,32.1194,32.4966,30.3698,29.7225,29.3924,28.8265,28.1520,22.1784,16.9081,14.7967,0.0000,10.1790
2021-03-19,34.6829,29.7894,32.1143,32.4335,30.2587,29.7313,29.3446,28.7261,28.0709,22.1169,16.8649,14.8441,0.0000,10.1758
2021-03-18,34.5405,29.6662,31.7442,32.3699,30.1485,29.3885,29.2892,28.6039,27.9710,22.0247,16.7953,14.8158,0.0000,10.1748
2021-03-17,34.6001,29.7159,32.1153,32.3630,30.1511,29.7271,29.2877,28.6115,28.0179,22.0610,16.8220,14.8066,0.0000,10.1737
2021-03-16,34.6606,29.7636,32.5440,32.3566,30.1511,30.1251,29.2839,28.6101,28.0713,22.0963,16.8486,14.8051,0.0000,10.1729
2021-03-15,34.6338,29.7388,32.5428,32.3470,30.1131,30.1260,29.2758,28.5739,28.0464,22.0792,16.8384,14.8670,0.0000,10.1721
2021-03-12,34.6792,29.7774,32.7469,32.4055,30.1114,30.3233,29.3374,28.5701,28.0758,22.1079,16.8661,15.0887,0.0000,10.1696
2021-03-10,34.7471,29.8349,33.0587,32.4164,30.1355,30.6114,29.3440,28.5914,28.1336,22.1492,16.8961,15.1519,0.0000,10.1676
2021-03-09,34.7189,29.8136,32.8916,32.4118,30.1444,30.4563,29.3367,28.6023,28.1054,22.1311,16.8837,15.1660,0.0000,10.1667
2021-03-08,34.7072,29.8059,32.6487,32.4260,30.1681,30.2229,29.3448,28.6350,28.0939,22.1269,16.8827,15.1568,0.0000,10.1660
2021-03-05,34.6932,29.7941,32.5704,32.4190,30.1626,30.1524,29.3387,28.6313,28.0699,22.1195,16.8771,15.1448,0.0000,10.1637
2021-03-04,34.7588,29.8508,32.8686,32.4084,30.2033,30.4296,29.3326,28.6797,28.1283,22.1612,16.9061,15.1349,0.0000,10.1630
2021-03-03,34.7889,29.8756,33.1631,32.4136,30.1892,30.7052,29.3315,28.6646,28.1536,22.1796,16.9195,15.1360,0.0000,10.1623
2021-03-02,34.7064,29.8061,32.5505,32.4013,30.2106,30.1288,29.3300,28.6774,28.0883,22.1303,16.8829,15.1305,0.0000,10.1615
2021-03-01,34.6155,29.7304,32.1764,32.3749,30.1618,29.7899,29.3096,28.6344,28.0220,22.0740,16.8425,15.0904,0.0000,10.1609
2021-02-26,34.4991,29.6307,31.6909,32.3595,30.0858,29.3419,29.2992,28.5602,27.9226,22.0018,16.7886,15.0634,0.0000,10.1589
2021-02-25,34.7490,29.8418,32.8670,32.3624,30.2128,30.4342,29.2993,28.6838,28.1147,22.1543,16.9007,15.0826,0.0000,10.1579
2021-02-24,34.7229,29.8262,32.6439,32.3655,30.2480,30.2351,29.3025,28.7330,28.0830,22.1425,16.8955,15.0866,0.0000,10.1567
2021-02-23,34.6326,29.7502,32.0958,32.3843,30.2191,29.7113,29.3116,28.7038,28.0125,22.0901,16.8569,15.0879,0.0000,10.1558
2021-02-22,34.6247,29.7448,32.0466,32.3634,30.2179,29.6600,29.3052,28.6982,28.0122,22.0862,16.8495,15.0469,0.0000,10.1552
2021-02-18,34.8854,29.9648,33.0689,32.5089,30.3221,30.6185,29.4237,28.7943,28.2226,22.2496,16.9723,15.0814,0.0000,10.1517
2021-02-17,34.9376,30.0113,33.1960,32.4963,30.3867,30.7501,29.4133,28.8605,28.2561,22.2831,16.9988,15.0798,0.0000,10.1502
2021-02-16,34.9908,30.0590,33.3488,32.5109,30.4274,30.8918,29.4189,28.8913,28.2908,22.3180,17.0235,15.0675,0.0000,10.1491
2021-02-15,35.0016,30.0666,33.3743,32.5012,30.4402,30.9174,29.4103,28.8989,28.3019,22.3230,17.0279,15.0623,0.0000,10.1481
2021-02-12,34.9742,30.0451,33.0469,32.4917,30.4895,30.5994,29.4043,28.9445,28.2801,22.3076,17.0166,15.0376,0.0000,10.1453
2021-02-11,34.9891,30.0590,33.0890,32.4917,30.4966,30.6288,29.4006,28.9554,28.2839,22.3176,17.0234,15.0243,0.0000,10.1444
2021-02-10,34.9095,29.9948,32.9764,32.4412,30.4299,30.5279,29.3729,28.8945,28.2264,22.2682,16.9900,14.9913,0.0000,10.1434
2021-02-09,34.8837,29.9673,32.9890,32.4457,30.3783,30.5371,29.3775,28.8460,28.2102,22.2503,16.9741,14.9863,0.0000,10.1425
2021-02-08,34.9724,30.0453,33.0177,32.4681,30.4801,30.5663,29.3978,28.9407,28.2666,22.3062,17.0140,14.9846,0.0000,10.1416
2021-02-05,34.8746,29.9627,32.6266,32.4481,30.4473,30.1961,29.3851,28.9021,28.1938,22.2475,16.9707,14.9784,0.0000,10.1388
2021-02-04,35.0099,30.0771,32.6045,32.5069,30.6230,30.1762,29.4213,29.0537,28.3052,22.3305,17.0212,14.9774,0.0000,10.1379
2021-02-03,34.9295,30.0066,32.3321,32.4751,30.5547,29.9150,29.3950,28.9867,28.2424,22.2784,16.9814,14.9677,0.0000,10.1372
2021-02-02,34.8358,29.9254,32.0582,32.4664,30.4832,29.6600,29.3958,28.9186,28.1713,22.2218,16.9386,14.9649,0.0000,10.1363
2021-02-01,34.8583,29.9543,31.2888,32.5794,30.6334,28.9345,29.4854,29.0680,28.1733,22.2452,16.9588,14.9718,0.0000,10.1353
2021-01-29,34.9343,30.0281,29.9608,32.7651,30.9909,27.6861,29.6366,29.3942,28.2085,22.3025,17.0032,15.0356,0.0000,10.1325
2021-01-28,34.9946,30.0788,30.3878,32.7578,30.9885,28.0686,29.6350,29.4028,28.2530,22.3391,17.0306,15.0311,0.0000,10.1316
2021-01-27,35.0162,30.0959,30.6760,32.7446,30.9757,28.3299,29.6238,29.3871,28.2761,22.3520,17.0410,15.0257,0.0000,10.1306
2021-01-25,35.0759,30.1451,31.1895,32.7248,30.9632,28.8097,29.5984,29.3809,28.3284,22.3881,17.0663,15.0192,0.0000,10.1289
2021-01-22,35.0988,30.1644,31.4364,32.6986,30.9645,29.0406,29.5799,29.3742,28.3436,22.4008,17.0770,15.0123,0.0000,10.1262
2021-01-21,35.1508,30.2058,31.8241,32.7244,30.9387,29.4170,29.5957,29.3606,28.3888,22.4304,17.1010,15.0221,0.0000,10.1254
2021-01-20,35.1649,30.2176,31.9742,32.7063,30.9370,29.5501,29.5865,29.3711,28.4032,22.4387,17.1080,15.0176,0.0000,10.1244
2021-01-19,35.1225,30.1811,31.7207,32.6846,30.9390,29.3147,29.5586,29.3678,28.3654,22.4127,17.0859,15.0122,0.0000,10.1237
2021-01-18,35.0466,30.1183,31.2406,32.6912,30.9177,28.8664,29.5661,29.3432,28.3060,22.3665,17.0526,15.0068,0.0000,10.1230
2021-01-15,35.0999,30.1617,31.6090,32.7303,30.8959,29.2075,29.5871,29.3226,28.3545,22.4000,17.0794,15.0194,0.0000,10.1209
2021-01-14,35.1956,30.2423,31.9700,32.7471,30.9665,29.5328,29.6068,29.3887,28.4320,22.4609,17.1245,15.0187,0.0000,10.1201
2021-01-13,35.1931,30.2399,31.9041,32.7972,30.9588,29.4660,29.6595,29.3793,28.4340,22.4613,17.1291,14.9970,0.0000,10.1190
2021-01-12,35.1938,30.2402,31.8294,32.7966,30.9887,29.3930,29.6652,29.4019,28.4349,22.4618,17.1287,14.9965,0.0000,10.1182
2021-01-11,35.1866,30.2352,31.6709,32.8033,31.0035,29.2355,29.6855,29.4197,28.4309,22.4601,17.1277,14.9922,0.0000,10.1189
2021-01-08,35.1984,30.2473,31.3700,32.8746,31.0516,28.9725,29.7451,29.4590,28.4291,22.4699,17.1363,15.1004,0.0000,10.1165
2021-01-07,35.1144,30.1767,30.8903,32.8577,31.0310,28.5415,29.7226,29.4437,28.3558,22.4181,17.0970,15.1278,0.0000,10.1164
2021-01-06,35.1165,30.1792,30.8898,32.8317,31.0335,28.5335,29.6945,29.4478,28.3590,22.4184,17.0928,15.1150,0.0000,10.1159
2021-01-05,35.1362,30.1968,30.9758,32.8120,31.0627,28.6121,29.6796,29.4761,28.3738,22.4310,17.1025,15.0866,0.0000,10.1152
2021-01-04,35.0750,30.1440,30.8370,32.7606,31.0297,28.4886,29.6386,29.4491,28.3159,22.3930,17.0740,15.0409,0.0000,10.1143
2021-01-01,34.9902,30.0722,30.5797,32.7427,30.9700,28.2641,29.6232,29.3972,28.2498,22.3416,17.0351,15.0304,0.0000,10.1119
Date,CG Scheme,SG Scheme,E Tier I,C Tier I,G Tier I,E Tier II,C Tier II,G Tier II,NPS Lite,Corporate CG,APY,A Tier I,A Tier II,NPS TTS-II
